id,speed(m/s)
2022_14_14_38-Jan-20.wav,6.39
2022_14_14_41-Jan-20.wav,6.92
2022_14_14_44-Jan-20.wav,5.04
2022_14_14_47-Jan-20.wav,6.68
2022_14_14_51-Jan-20.wav,8.23
2022_14_14_54-Jan-20.wav,8.5
2022_14_14_57-Jan-20.wav,8.49
2022_14_15_00-Jan-20.wav,8.61
2022_14_15_04-Jan-20.wav,8.41
2022_14_15_07-Jan-20.wav,8.11
2022_14_15_10-Jan-20.wav,4.44
2022_14_15_13-Jan-20.wav,4.85
2022_14_15_16-Jan-20.wav,4.87
2022_14_15_20-Jan-20.wav,2.06
2022_14_15_23-Jan-20.wav,2.74
2022_14_15_26-Jan-20.wav,2.27
2022_14_15_29-Jan-20.wav,1.17
2022_14_15_33-Jan-20.wav,2.5
2022_14_15_36-Jan-20.wav,2.62
2022_14_15_39-Jan-20.wav,2.75
2022_14_15_42-Jan-20.wav,3.11
2022_14_15_45-Jan-20.wav,4.22
2022_14_15_49-Jan-20.wav,4.9
2022_14_15_52-Jan-20.wav,5.18
2022_14_15_55-Jan-20.wav,2.9
2022_14_15_58-Jan-20.wav,3.51
2022_14_16_02-Jan-20.wav,4.37
2022_14_16_05-Jan-20.wav,3.3
2022_14_16_08-Jan-20.wav,2.76
2022_14_16_11-Jan-20.wav,4.04
2022_14_16_14-Jan-20.wav,5.51
2022_14_16_18-Jan-20.wav,6.61
2022_14_16_21-Jan-20.wav,7.16
2022_14_16_24-Jan-20.wav,6.91
2022_14_16_27-Jan-20.wav,6.86
2022_14_16_31-Jan-20.wav,2.76
2022_14_16_34-Jan-20.wav,2.85
2022_14_16_37-Jan-20.wav,5.2
2022_14_16_40-Jan-20.wav,5.75
2022_14_16_43-Jan-20.wav,4.8
2022_14_16_47-Jan-20.wav,4.0
2022_14_16_50-Jan-20.wav,4.83
2022_14_16_53-Jan-20.wav,3.24
2022_14_16_56-Jan-20.wav,4.51
2022_14_17_00-Jan-20.wav,3.91
2022_14_17_03-Jan-20.wav,3.7
2022_14_17_06-Jan-20.wav,3.97
2022_14_17_09-Jan-20.wav,4.72
2022_14_17_12-Jan-20.wav,4.55
2022_14_17_16-Jan-20.wav,5.83
2022_14_17_19-Jan-20.wav,5.3
2022_14_18_20-Jan-20.wav,1.62
2022_14_18_23-Jan-20.wav,0.5
2022_14_18_27-Jan-20.wav,0.26
2022_14_18_30-Jan-20.wav,2.33
2022_14_18_33-Jan-20.wav,5.39
2022_14_18_36-Jan-20.wav,10.05
2022_14_18_40-Jan-20.wav,8.63
2022_14_18_43-Jan-20.wav,9.07
2022_14_18_46-Jan-20.wav,9.28
2022_14_18_49-Jan-20.wav,7.16
2022_14_18_52-Jan-20.wav,7.07
2022_14_18_56-Jan-20.wav,9.1
2022_14_18_59-Jan-20.wav,9.62
2022_14_19_02-Jan-20.wav,10.2
2022_14_19_05-Jan-20.wav,9.11
2022_14_19_09-Jan-20.wav,4.59
2022_14_19_12-Jan-20.wav,5.73
2022_14_19_15-Jan-20.wav,9.15
2022_14_19_18-Jan-20.wav,10.16
2022_14_19_21-Jan-20.wav,9.04
2022_14_19_25-Jan-20.wav,9.79
2022_14_19_28-Jan-20.wav,9.42
2022_14_19_31-Jan-20.wav,9.7
2022_14_19_34-Jan-20.wav,9.91
2022_14_19_38-Jan-20.wav,10.2
2022_14_19_41-Jan-20.wav,10.73
2022_14_19_44-Jan-20.wav,11.45
2022_14_19_47-Jan-20.wav,10.88
2022_14_19_50-Jan-20.wav,8.71
2022_14_19_54-Jan-20.wav,4.02
2022_14_19_57-Jan-20.wav,0.99
2022_14_20_00-Jan-20.wav,0.91
2022_14_20_03-Jan-20.wav,1.01
2022_14_20_55-Jan-20.wav,5.74
2022_14_20_58-Jan-20.wav,8.23
2022_14_21_01-Jan-20.wav,12.17
2022_14_21_05-Jan-20.wav,14.68
2022_14_21_08-Jan-20.wav,14.86
2022_14_21_11-Jan-20.wav,14.29
2022_14_21_14-Jan-20.wav,13.99
2022_14_21_17-Jan-20.wav,14.47
2022_14_21_21-Jan-20.wav,14.9
2022_14_21_24-Jan-20.wav,14.93
2022_14_21_27-Jan-20.wav,15.37
2022_14_21_30-Jan-20.wav,15.79
2022_14_21_34-Jan-20.wav,17.01
2022_14_21_37-Jan-20.wav,16.9
2022_14_21_40-Jan-20.wav,17.0
2022_14_21_43-Jan-20.wav,17.08
2022_14_21_46-Jan-20.wav,16.91
2022_14_21_50-Jan-20.wav,17.01
2022_14_21_53-Jan-20.wav,17.08
2022_14_21_56-Jan-20.wav,17.01
2022_14_21_59-Jan-20.wav,16.99
2022_14_22_03-Jan-20.wav,16.96
2022_14_22_06-Jan-20.wav,16.8
2022_14_22_09-Jan-20.wav,17.16
2022_14_22_12-Jan-20.wav,16.79
2022_14_22_15-Jan-20.wav,16.86
2022_14_22_19-Jan-20.wav,17.01
2022_14_22_22-Jan-20.wav,16.94
2022_14_22_25-Jan-20.wav,16.89
2022_14_22_28-Jan-20.wav,16.97
2022_14_22_32-Jan-20.wav,17.02
2022_14_22_35-Jan-20.wav,17.03
2022_14_22_38-Jan-20.wav,17.33
2022_14_22_41-Jan-20.wav,17.4
2022_14_22_44-Jan-20.wav,17.06
2022_14_22_48-Jan-20.wav,16.77
2022_14_22_51-Jan-20.wav,16.85
2022_14_22_54-Jan-20.wav,16.74
2022_14_22_57-Jan-20.wav,16.84
2022_14_23_01-Jan-20.wav,17.01
2022_14_23_04-Jan-20.wav,16.97
2022_14_23_07-Jan-20.wav,16.63
2022_14_23_10-Jan-20.wav,16.38
2022_14_23_13-Jan-20.wav,16.82
2022_14_23_17-Jan-20.wav,16.93
2022_14_23_20-Jan-20.wav,16.94
2022_14_23_23-Jan-20.wav,16.8
2022_14_23_26-Jan-20.wav,16.81
2022_14_23_30-Jan-20.wav,16.96
2022_14_23_33-Jan-20.wav,16.25
2022_14_23_36-Jan-20.wav,12.86
2022_14_23_39-Jan-20.wav,9.39
2022_14_23_42-Jan-20.wav,6.78
2022_14_23_46-Jan-20.wav,2.29
2022_14_24_15-Jan-20.wav,12.72
2022_14_24_18-Jan-20.wav,15.72
2022_14_24_21-Jan-20.wav,17.13
2022_14_24_24-Jan-20.wav,17.35
2022_14_24_28-Jan-20.wav,16.96
2022_14_24_31-Jan-20.wav,17.06
2022_14_24_34-Jan-20.wav,17.1
2022_14_24_37-Jan-20.wav,16.75
2022_14_24_40-Jan-20.wav,14.79
2022_14_24_44-Jan-20.wav,14.05
2022_14_24_47-Jan-20.wav,14.46
2022_14_24_50-Jan-20.wav,13.13
2022_14_24_53-Jan-20.wav,12.05
2022_14_24_57-Jan-20.wav,13.75
2022_14_25_00-Jan-20.wav,14.38
2022_14_25_03-Jan-20.wav,15.08
2022_14_25_06-Jan-20.wav,14.37
2022_14_25_09-Jan-20.wav,13.63
2022_14_25_13-Jan-20.wav,13.34
2022_14_25_16-Jan-20.wav,13.56
2022_14_25_19-Jan-20.wav,12.22
2022_14_25_22-Jan-20.wav,10.14
2022_14_25_26-Jan-20.wav,9.0
2022_14_31_58-Jan-20.wav,22.24
2022_14_32_01-Jan-20.wav,22.21
2022_14_32_04-Jan-20.wav,21.63
2022_14_32_07-Jan-20.wav,21.02
2022_14_32_10-Jan-20.wav,20.61
2022_14_32_14-Jan-20.wav,17.76
2022_14_32_17-Jan-20.wav,16.03
2022_14_32_20-Jan-20.wav,11.49
2022_14_32_23-Jan-20.wav,7.92
2022_14_32_27-Jan-20.wav,2.14
2022_14_32_30-Jan-20.wav,0.44
2022_14_33_24-Jan-20.wav,13.42
2022_14_33_28-Jan-20.wav,13.53
2022_14_33_31-Jan-20.wav,13.95
2022_14_33_34-Jan-20.wav,14.23
2022_14_33_37-Jan-20.wav,14.85
2022_14_33_41-Jan-20.wav,14.9
2022_14_33_44-Jan-20.wav,14.23
2022_14_33_47-Jan-20.wav,14.83
2022_14_33_50-Jan-20.wav,13.35
2022_14_33_53-Jan-20.wav,11.25
2022_14_33_57-Jan-20.wav,7.73
2022_14_34_00-Jan-20.wav,6.7
2022_14_34_03-Jan-20.wav,9.61
2022_14_34_06-Jan-20.wav,12.06
2022_14_34_10-Jan-20.wav,15.52
2022_14_34_13-Jan-20.wav,15.08
2022_14_34_16-Jan-20.wav,14.46
2022_14_34_19-Jan-20.wav,14.58
2022_14_34_23-Jan-20.wav,14.75
2022_14_34_26-Jan-20.wav,14.58
2022_14_34_29-Jan-20.wav,14.73
2022_14_34_32-Jan-20.wav,13.8
2022_14_34_35-Jan-20.wav,14.74
2022_14_34_39-Jan-20.wav,14.97
2022_14_34_42-Jan-20.wav,15.29
2022_14_34_45-Jan-20.wav,15.39
2022_14_34_48-Jan-20.wav,14.56
2022_14_34_52-Jan-20.wav,13.62
2022_14_34_55-Jan-20.wav,14.22
2022_14_34_58-Jan-20.wav,14.52
2022_14_35_01-Jan-20.wav,15.01
2022_14_35_04-Jan-20.wav,14.6
2022_14_35_08-Jan-20.wav,14.11
2022_14_35_11-Jan-20.wav,14.07
2022_14_35_14-Jan-20.wav,14.48
2022_14_35_17-Jan-20.wav,14.99
2022_14_35_27-Jan-20.wav,13.5
2022_14_35_30-Jan-20.wav,13.01
2022_14_35_33-Jan-20.wav,12.83
2022_14_35_37-Jan-20.wav,13.93
2022_14_35_40-Jan-20.wav,13.71
2022_14_35_43-Jan-20.wav,15.58
2022_14_35_46-Jan-20.wav,14.99
2022_14_35_49-Jan-20.wav,13.31
2022_14_35_53-Jan-20.wav,13.48
2022_14_43_01-Jan-20.wav,10.03
2022_14_43_05-Jan-20.wav,12.68
2022_14_43_08-Jan-20.wav,12.75
2022_14_43_11-Jan-20.wav,12.42
2022_14_43_14-Jan-20.wav,11.39
2022_14_43_18-Jan-20.wav,12.31
2022_14_43_21-Jan-20.wav,14.08
2022_14_43_24-Jan-20.wav,15.08
2022_14_43_27-Jan-20.wav,13.53
2022_14_43_30-Jan-20.wav,12.88
2022_14_43_34-Jan-20.wav,12.06
2022_14_43_37-Jan-20.wav,12.08
2022_14_43_40-Jan-20.wav,13.17
2022_14_43_43-Jan-20.wav,12.47
2022_14_43_47-Jan-20.wav,14.66
2022_14_43_50-Jan-20.wav,15.34
2022_14_43_53-Jan-20.wav,14.91
2022_14_43_56-Jan-20.wav,13.84
2022_14_43_59-Jan-20.wav,13.34
2022_14_44_03-Jan-20.wav,11.98
2022_14_44_06-Jan-20.wav,12.05
2022_14_44_09-Jan-20.wav,12.29
2022_14_44_12-Jan-20.wav,12.71
2022_14_44_15-Jan-20.wav,14.89
2022_14_44_19-Jan-20.wav,15.63
2022_14_44_22-Jan-20.wav,16.01
2022_14_44_25-Jan-20.wav,15.66
2022_14_44_28-Jan-20.wav,14.76
2022_14_44_32-Jan-20.wav,14.94
2022_14_44_35-Jan-20.wav,15.25
2022_14_44_38-Jan-20.wav,15.03
2022_14_44_41-Jan-20.wav,11.26
2022_14_44_44-Jan-20.wav,9.93
2022_14_44_48-Jan-20.wav,12.95
2022_14_44_51-Jan-20.wav,14.64
2022_14_44_54-Jan-20.wav,14.5
2022_14_44_57-Jan-20.wav,15.14
2022_14_45_01-Jan-20.wav,16.54
2022_14_45_04-Jan-20.wav,13.25
2022_14_45_07-Jan-20.wav,11.14
2022_14_45_10-Jan-20.wav,10.58
2022_14_45_13-Jan-20.wav,7.4
2022_14_47_10-Jan-20.wav,3.87
2022_14_47_14-Jan-20.wav,4.41
2022_14_47_17-Jan-20.wav,6.02
2022_14_47_20-Jan-20.wav,7.98
2022_14_47_23-Jan-20.wav,10.07
2022_14_47_26-Jan-20.wav,12.11
2022_14_47_30-Jan-20.wav,13.56
2022_14_47_33-Jan-20.wav,13.62
2022_14_47_36-Jan-20.wav,14.05
2022_14_47_39-Jan-20.wav,14.25
2022_14_47_42-Jan-20.wav,12.76
2022_14_47_46-Jan-20.wav,11.37
2022_14_47_49-Jan-20.wav,13.14
2022_14_47_52-Jan-20.wav,14.1
2022_14_47_55-Jan-20.wav,14.22
2022_14_47_59-Jan-20.wav,13.87
2022_14_48_02-Jan-20.wav,14.66
2022_14_48_05-Jan-20.wav,15.48
2022_14_48_08-Jan-20.wav,16.15
2022_14_48_11-Jan-20.wav,16.44
2022_14_48_15-Jan-20.wav,15.14
2022_14_48_18-Jan-20.wav,13.98
2022_14_48_21-Jan-20.wav,13.23
2022_14_48_24-Jan-20.wav,13.1
2022_14_48_27-Jan-20.wav,13.99
2022_14_48_31-Jan-20.wav,13.53
2022_14_48_34-Jan-20.wav,14.65
2022_14_48_37-Jan-20.wav,15.48
2022_14_48_40-Jan-20.wav,16.35
2022_14_48_44-Jan-20.wav,15.79
2022_14_48_47-Jan-20.wav,14.15
2022_14_48_50-Jan-20.wav,12.96
2022_14_48_53-Jan-20.wav,12.53
2022_14_48_56-Jan-20.wav,12.99
2022_14_49_00-Jan-20.wav,12.18
2022_14_49_03-Jan-20.wav,12.79
2022_14_49_06-Jan-20.wav,12.4
2022_14_49_09-Jan-20.wav,11.71
2022_14_49_13-Jan-20.wav,11.23
2022_14_49_16-Jan-20.wav,11.44
2022_14_49_19-Jan-20.wav,13.0
2022_14_49_22-Jan-20.wav,14.17
2022_14_49_25-Jan-20.wav,12.73
2022_14_49_29-Jan-20.wav,11.74
2022_14_49_32-Jan-20.wav,11.45
2022_14_49_35-Jan-20.wav,13.82
2022_14_49_38-Jan-20.wav,16.67
2022_14_49_42-Jan-20.wav,18.76
2022_14_49_45-Jan-20.wav,19.53
2022_14_49_48-Jan-20.wav,20.11
2022_14_49_51-Jan-20.wav,20.39
2022_14_49_54-Jan-20.wav,20.49
2022_14_49_58-Jan-20.wav,20.25
2022_14_50_01-Jan-20.wav,18.79
2022_14_50_04-Jan-20.wav,17.97
2022_14_50_07-Jan-20.wav,18.82
2022_14_50_10-Jan-20.wav,14.9
2022_14_50_14-Jan-20.wav,8.86
2022_14_50_17-Jan-20.wav,10.03
2022_14_50_20-Jan-20.wav,12.4
2022_14_50_23-Jan-20.wav,15.27
2022_14_50_27-Jan-20.wav,15.13
2022_14_50_30-Jan-20.wav,15.39
2022_14_50_33-Jan-20.wav,16.49
2022_14_50_36-Jan-20.wav,12.37
2022_14_50_39-Jan-20.wav,9.99
2022_14_50_43-Jan-20.wav,7.37
2022_14_50_46-Jan-20.wav,3.91
2022_14_50_49-Jan-20.wav,3.51
2022_14_50_52-Jan-20.wav,3.01
2022_14_50_56-Jan-20.wav,2.83
2022_14_50_59-Jan-20.wav,1.54
2022_14_51_02-Jan-20.wav,0.0
2022_14_51_05-Jan-20.wav,0.0
2022_14_54_28-Jan-20.wav,4.87
2022_14_54_32-Jan-20.wav,8.23
2022_14_54_35-Jan-20.wav,9.88
2022_14_54_38-Jan-20.wav,10.25
2022_14_54_41-Jan-20.wav,10.7
2022_14_54_44-Jan-20.wav,11.07
2022_14_54_48-Jan-20.wav,10.65
2022_14_54_51-Jan-20.wav,10.36
2022_14_54_54-Jan-20.wav,10.42
2022_14_54_57-Jan-20.wav,11.22
2022_14_55_01-Jan-20.wav,10.83
2022_14_55_04-Jan-20.wav,5.47
2022_14_55_07-Jan-20.wav,5.82
2022_14_55_10-Jan-20.wav,8.64
2022_14_55_13-Jan-20.wav,10.37
2022_14_55_17-Jan-20.wav,11.76
2022_14_55_20-Jan-20.wav,12.61
2022_14_55_23-Jan-20.wav,13.22
2022_14_55_26-Jan-20.wav,12.1
2022_14_55_30-Jan-20.wav,9.93
2022_14_55_33-Jan-20.wav,6.7
2022_14_55_36-Jan-20.wav,3.28
2022_14_55_39-Jan-20.wav,2.63
2022_14_55_42-Jan-20.wav,5.2
2022_14_55_46-Jan-20.wav,8.19
2022_14_55_49-Jan-20.wav,11.06
2022_14_55_52-Jan-20.wav,13.49
2022_14_55_55-Jan-20.wav,15.19
2022_14_55_58-Jan-20.wav,16.73
2022_14_56_02-Jan-20.wav,17.82
2022_14_56_05-Jan-20.wav,17.32
2022_14_56_08-Jan-20.wav,16.82
2022_14_56_11-Jan-20.wav,16.73
2022_14_56_15-Jan-20.wav,16.27
2022_14_56_18-Jan-20.wav,15.9
2022_14_56_21-Jan-20.wav,15.99
2022_14_56_24-Jan-20.wav,15.93
2022_14_56_27-Jan-20.wav,15.9
2022_14_56_31-Jan-20.wav,16.17
2022_14_56_34-Jan-20.wav,16.06
2022_14_56_37-Jan-20.wav,15.89
2022_14_56_40-Jan-20.wav,15.67
2022_14_56_44-Jan-20.wav,13.1
2022_14_56_47-Jan-20.wav,13.6
2022_14_56_50-Jan-20.wav,13.74
2022_14_56_53-Jan-20.wav,13.31
2022_14_56_56-Jan-20.wav,13.67
2022_14_57_00-Jan-20.wav,12.29
2022_14_57_03-Jan-20.wav,11.93
2022_14_57_06-Jan-20.wav,12.49
2022_14_57_09-Jan-20.wav,12.41
2022_14_57_13-Jan-20.wav,12.28
2022_14_57_16-Jan-20.wav,12.7
2022_14_57_19-Jan-20.wav,12.63
2022_14_57_22-Jan-20.wav,12.97
2022_14_57_25-Jan-20.wav,13.2
2022_14_57_29-Jan-20.wav,13.51
2022_14_57_32-Jan-20.wav,13.25
2022_14_57_35-Jan-20.wav,13.15
2022_14_57_38-Jan-20.wav,13.36
2022_14_57_42-Jan-20.wav,13.7
2022_14_57_45-Jan-20.wav,14.48
2022_14_57_48-Jan-20.wav,14.33
2022_14_57_51-Jan-20.wav,14.41
2022_14_57_54-Jan-20.wav,14.05
2022_14_57_58-Jan-20.wav,13.74
2022_14_58_01-Jan-20.wav,13.56
2022_14_58_04-Jan-20.wav,13.66
2022_14_58_07-Jan-20.wav,14.89
2022_14_58_11-Jan-20.wav,16.2
2022_14_58_14-Jan-20.wav,15.81
2022_14_58_17-Jan-20.wav,13.58
2022_14_58_20-Jan-20.wav,9.94
2022_14_58_23-Jan-20.wav,7.1
2022_14_58_27-Jan-20.wav,6.97
2022_14_58_30-Jan-20.wav,5.83
2022_14_58_33-Jan-20.wav,9.32
2022_14_58_36-Jan-20.wav,12.48
2022_14_58_40-Jan-20.wav,16.29
2022_14_58_43-Jan-20.wav,15.89
2022_14_58_46-Jan-20.wav,16.02
2022_14_58_49-Jan-20.wav,15.82
2022_14_58_52-Jan-20.wav,15.32
2022_14_58_56-Jan-20.wav,15.86
2022_14_58_59-Jan-20.wav,15.97
2022_14_59_02-Jan-20.wav,16.28
2022_14_59_05-Jan-20.wav,16.12
2022_14_59_09-Jan-20.wav,16.2
2022_14_59_12-Jan-20.wav,16.43
2022_14_59_15-Jan-20.wav,16.57
2022_14_59_18-Jan-20.wav,16.14
2022_14_59_21-Jan-20.wav,15.68
2022_14_59_25-Jan-20.wav,14.8
2022_14_59_28-Jan-20.wav,15.24
2022_14_59_31-Jan-20.wav,15.84
2022_14_59_34-Jan-20.wav,15.44
2022_14_59_38-Jan-20.wav,14.79
2022_14_59_41-Jan-20.wav,14.76
2022_14_59_44-Jan-20.wav,14.95
2022_14_59_47-Jan-20.wav,14.51
2022_14_59_50-Jan-20.wav,15.36
2022_14_59_54-Jan-20.wav,15.59
2022_14_59_57-Jan-20.wav,16.11
2022_15_00_00-Jan-20.wav,15.89
2022_15_00_03-Jan-20.wav,16.24
2022_15_00_07-Jan-20.wav,16.46
2022_15_00_10-Jan-20.wav,16.37
2022_15_00_13-Jan-20.wav,16.22
2022_15_00_16-Jan-20.wav,15.84
2022_15_00_19-Jan-20.wav,15.22
2022_15_00_23-Jan-20.wav,13.97
2022_15_00_26-Jan-20.wav,14.54
2022_15_00_29-Jan-20.wav,14.22
2022_15_00_32-Jan-20.wav,14.27
2022_15_00_36-Jan-20.wav,14.68
2022_15_00_39-Jan-20.wav,14.71
2022_15_00_42-Jan-20.wav,14.69
2022_15_00_45-Jan-20.wav,14.97
2022_15_00_48-Jan-20.wav,14.51
2022_15_00_52-Jan-20.wav,14.11
2022_15_00_55-Jan-20.wav,14.71
2022_15_00_58-Jan-20.wav,15.1
2022_15_01_01-Jan-20.wav,15.37
2022_15_01_04-Jan-20.wav,15.56
2022_15_01_08-Jan-20.wav,14.99
2022_15_01_11-Jan-20.wav,13.85
2022_15_01_14-Jan-20.wav,13.81
2022_15_01_17-Jan-20.wav,14.1
2022_15_01_21-Jan-20.wav,14.72
2022_15_01_24-Jan-20.wav,15.27
2022_15_01_27-Jan-20.wav,15.35
2022_15_01_30-Jan-20.wav,14.95
2022_15_01_34-Jan-20.wav,14.91
2022_15_01_37-Jan-20.wav,15.13
2022_15_01_40-Jan-20.wav,14.38
2022_15_01_43-Jan-20.wav,13.92
2022_15_01_46-Jan-20.wav,14.43
2022_15_01_50-Jan-20.wav,14.91
2022_15_01_53-Jan-20.wav,15.05
2022_15_01_56-Jan-20.wav,15.79
2022_15_01_59-Jan-20.wav,15.36
2022_15_02_03-Jan-20.wav,11.25
2022_15_02_06-Jan-20.wav,9.12
2022_15_02_09-Jan-20.wav,8.83
2022_15_02_12-Jan-20.wav,8.06
2022_15_02_15-Jan-20.wav,7.56
2022_15_02_19-Jan-20.wav,7.89
2022_15_02_22-Jan-20.wav,10.7
2022_15_02_25-Jan-20.wav,14.05
2022_15_02_28-Jan-20.wav,15.73
2022_15_02_32-Jan-20.wav,14.92
2022_15_02_35-Jan-20.wav,14.7
2022_15_02_38-Jan-20.wav,13.68
2022_15_02_41-Jan-20.wav,12.35
2022_15_02_44-Jan-20.wav,12.69
2022_15_02_48-Jan-20.wav,14.33
2022_15_02_51-Jan-20.wav,17.16
2022_15_02_54-Jan-20.wav,15.89
2022_15_02_57-Jan-20.wav,12.71
2022_15_03_01-Jan-20.wav,10.9
2022_15_03_04-Jan-20.wav,10.79
2022_15_03_07-Jan-20.wav,10.42
2022_15_03_10-Jan-20.wav,10.08
2022_15_03_13-Jan-20.wav,8.56
2022_15_03_17-Jan-20.wav,6.44
2022_15_03_20-Jan-20.wav,8.52
2022_15_03_23-Jan-20.wav,11.8
2022_15_03_26-Jan-20.wav,12.86
2022_15_03_30-Jan-20.wav,14.2
2022_15_03_33-Jan-20.wav,15.24
2022_15_03_36-Jan-20.wav,15.35
2022_15_03_39-Jan-20.wav,14.4
2022_15_03_42-Jan-20.wav,8.9
2022_15_03_46-Jan-20.wav,4.91
2022_15_03_49-Jan-20.wav,2.32
2022_15_03_52-Jan-20.wav,1.99
2022_15_03_55-Jan-20.wav,4.94
2022_15_03_59-Jan-20.wav,5.83
2022_15_04_02-Jan-20.wav,6.77
2022_15_04_05-Jan-20.wav,8.83
2022_15_04_08-Jan-20.wav,11.56
2022_15_04_11-Jan-20.wav,14.05
2022_15_04_15-Jan-20.wav,12.49
2022_15_04_18-Jan-20.wav,11.87
2022_15_04_21-Jan-20.wav,12.82
2022_15_04_24-Jan-20.wav,13.31
2022_15_04_28-Jan-20.wav,13.41
2022_15_04_31-Jan-20.wav,13.55
2022_15_04_34-Jan-20.wav,12.05
2022_15_04_37-Jan-20.wav,9.38
2022_15_04_40-Jan-20.wav,8.06
2022_15_04_44-Jan-20.wav,8.07
2022_15_04_47-Jan-20.wav,10.93
2022_15_04_50-Jan-20.wav,13.5
2022_15_04_53-Jan-20.wav,13.12
2022_15_04_57-Jan-20.wav,12.06
2022_15_05_00-Jan-20.wav,12.59
2022_15_05_03-Jan-20.wav,10.33
2022_15_05_06-Jan-20.wav,8.54
2022_15_05_09-Jan-20.wav,7.49
2022_15_05_13-Jan-20.wav,7.64
2022_15_05_16-Jan-20.wav,7.25
2022_15_05_19-Jan-20.wav,8.61
2022_15_05_22-Jan-20.wav,10.75
2022_15_05_26-Jan-20.wav,12.19
2022_15_05_29-Jan-20.wav,12.35
2022_15_05_32-Jan-20.wav,11.59
2022_15_05_35-Jan-20.wav,10.53
2022_15_05_38-Jan-20.wav,10.64
2022_15_05_42-Jan-20.wav,11.31
2022_15_05_45-Jan-20.wav,11.46
2022_15_05_48-Jan-20.wav,11.75
2022_15_05_51-Jan-20.wav,11.19
2022_15_05_55-Jan-20.wav,11.97
2022_15_05_58-Jan-20.wav,12.66
2022_15_06_01-Jan-20.wav,13.12
2022_15_06_04-Jan-20.wav,13.51
2022_15_06_07-Jan-20.wav,13.31
2022_15_06_11-Jan-20.wav,12.53
2022_15_06_14-Jan-20.wav,12.43
2022_15_06_17-Jan-20.wav,12.71
2022_15_06_20-Jan-20.wav,12.27
2022_15_06_24-Jan-20.wav,11.84
2022_15_06_27-Jan-20.wav,11.49
2022_15_06_30-Jan-20.wav,11.98
2022_15_06_33-Jan-20.wav,12.5
2022_15_06_36-Jan-20.wav,12.0
2022_15_06_40-Jan-20.wav,11.23
2022_15_06_43-Jan-20.wav,10.51
2022_15_06_46-Jan-20.wav,10.04
2022_15_06_49-Jan-20.wav,10.74
2022_15_06_53-Jan-20.wav,10.76
2022_15_06_56-Jan-20.wav,10.36
2022_15_06_59-Jan-20.wav,10.09
2022_15_07_02-Jan-20.wav,9.5
2022_15_07_05-Jan-20.wav,7.73
2022_15_07_09-Jan-20.wav,7.07
2022_15_07_12-Jan-20.wav,6.68
2022_15_07_15-Jan-20.wav,7.61
2022_15_07_18-Jan-20.wav,8.6
2022_15_07_21-Jan-20.wav,9.35
2022_15_07_25-Jan-20.wav,7.62
2022_15_07_28-Jan-20.wav,5.37
2022_15_07_31-Jan-20.wav,4.25
2022_15_07_34-Jan-20.wav,5.99
2022_15_07_38-Jan-20.wav,8.53
2022_15_07_41-Jan-20.wav,8.91
2022_15_07_44-Jan-20.wav,8.66
2022_15_07_47-Jan-20.wav,6.74
2022_15_07_50-Jan-20.wav,6.36
2022_15_07_54-Jan-20.wav,2.97
2022_15_07_57-Jan-20.wav,3.77
2022_15_08_00-Jan-20.wav,6.2
2022_15_08_03-Jan-20.wav,6.31
2022_15_10_00-Jan-20.wav,12.67
2022_15_10_04-Jan-20.wav,13.5
2022_15_10_07-Jan-20.wav,14.1
2022_15_10_10-Jan-20.wav,14.55
2022_15_10_13-Jan-20.wav,14.42
2022_15_10_23-Jan-20.wav,12.91
2022_15_10_26-Jan-20.wav,12.61
2022_15_10_29-Jan-20.wav,12.93
2022_15_10_33-Jan-20.wav,13.12
2022_15_10_36-Jan-20.wav,13.29
2022_15_10_39-Jan-20.wav,13.94
2022_15_10_42-Jan-20.wav,15.38
2022_15_10_45-Jan-20.wav,13.95
2022_15_10_49-Jan-20.wav,14.32
2022_15_10_52-Jan-20.wav,13.32
2022_15_10_55-Jan-20.wav,14.31
2022_15_10_58-Jan-20.wav,13.12
2022_15_11_02-Jan-20.wav,11.94
2022_15_11_05-Jan-20.wav,12.9
2022_15_11_08-Jan-20.wav,15.83
2022_15_11_11-Jan-20.wav,15.27
2022_15_11_14-Jan-20.wav,13.75
2022_15_11_18-Jan-20.wav,8.69
2022_15_11_21-Jan-20.wav,7.31
2022_15_11_24-Jan-20.wav,6.52
2022_15_11_27-Jan-20.wav,3.82
2022_15_11_30-Jan-20.wav,3.87
2022_15_11_34-Jan-20.wav,8.25
2022_15_11_37-Jan-20.wav,10.43
2022_15_11_40-Jan-20.wav,12.07
2022_15_11_43-Jan-20.wav,12.92
2022_15_11_47-Jan-20.wav,11.59
2022_15_11_50-Jan-20.wav,10.07
2022_15_11_53-Jan-20.wav,9.44
2022_15_11_56-Jan-20.wav,8.05
2022_15_11_59-Jan-20.wav,6.96
2022_15_12_03-Jan-20.wav,4.5
2022_15_12_06-Jan-20.wav,2.6
2022_15_12_16-Jan-20.wav,9.9
2022_15_12_19-Jan-20.wav,10.33
2022_15_12_22-Jan-20.wav,7.97
2022_15_12_25-Jan-20.wav,5.67
2022_15_12_28-Jan-20.wav,4.08
2022_15_12_32-Jan-20.wav,1.12
2022_15_12_54-Jan-20.wav,8.09
2022_15_12_57-Jan-20.wav,10.45
2022_15_13_01-Jan-20.wav,11.33
2022_15_13_04-Jan-20.wav,10.8
2022_15_13_07-Jan-20.wav,9.89
2022_15_13_10-Jan-20.wav,8.56
2022_15_13_13-Jan-20.wav,8.16
2022_15_13_17-Jan-20.wav,8.54
2022_15_13_20-Jan-20.wav,7.19
2022_15_13_23-Jan-20.wav,8.65
2022_15_13_26-Jan-20.wav,9.73
2022_15_13_30-Jan-20.wav,10.09
2022_15_13_33-Jan-20.wav,9.65
2022_15_13_36-Jan-20.wav,9.51
2022_15_13_39-Jan-20.wav,10.6
2022_15_13_42-Jan-20.wav,10.66
2022_15_13_46-Jan-20.wav,10.49
2022_15_13_49-Jan-20.wav,9.87
2022_15_13_52-Jan-20.wav,9.68
2022_15_13_55-Jan-20.wav,10.33
2022_15_13_59-Jan-20.wav,10.25
2022_15_14_02-Jan-20.wav,8.52
2022_15_14_05-Jan-20.wav,7.95
2022_15_14_08-Jan-20.wav,8.47
2022_15_14_11-Jan-20.wav,9.31
2022_15_14_15-Jan-20.wav,9.48
2022_15_14_18-Jan-20.wav,7.99
2022_15_14_21-Jan-20.wav,5.86
2022_15_14_24-Jan-20.wav,6.07
2022_15_14_27-Jan-20.wav,8.51
2022_15_14_31-Jan-20.wav,10.09
2022_15_14_34-Jan-20.wav,10.42
2022_15_14_37-Jan-20.wav,10.43
2022_15_14_40-Jan-20.wav,9.52
2022_15_14_44-Jan-20.wav,9.53
2022_15_14_47-Jan-20.wav,10.31
2022_15_14_50-Jan-20.wav,10.12
2022_15_14_53-Jan-20.wav,11.19
2022_15_14_56-Jan-20.wav,12.35
2022_15_15_00-Jan-20.wav,12.06
2022_15_15_03-Jan-20.wav,12.17
2022_15_15_06-Jan-20.wav,12.19
2022_15_15_09-Jan-20.wav,11.17
2022_15_15_13-Jan-20.wav,10.62
2022_15_15_16-Jan-20.wav,10.3
2022_15_15_19-Jan-20.wav,11.06
2022_15_15_22-Jan-20.wav,11.96
2022_15_15_25-Jan-20.wav,9.75
2022_15_15_29-Jan-20.wav,5.21
2022_15_15_32-Jan-20.wav,5.26
2022_15_15_35-Jan-20.wav,6.74
2022_15_15_38-Jan-20.wav,8.12
2022_15_15_42-Jan-20.wav,7.89
2022_15_15_45-Jan-20.wav,6.31
2022_15_15_48-Jan-20.wav,5.6
2022_15_15_51-Jan-20.wav,4.76
2022_15_15_54-Jan-20.wav,5.06
2022_15_15_58-Jan-20.wav,4.95
2022_15_16_01-Jan-20.wav,6.31
